Company Name,Industry,Symbol,logo,FNO
360 ONE WAM Ltd.,Financial Services,360ONE.NS,https://assets-netstorage.groww.in/stock-assets/logos/GSTK542772.png,False
3M India Ltd.,Diversified,3MINDIA.NS,https://assets-netstorage.groww.in/stock-assets/logos/GSTK523395.png,False
ABB India Ltd.,Capital Goods,ABB.NS,https://assets-netstorage.groww.in/stock-assets/logos/GSTK500002.png,True
ACC Ltd.,Construction Materials,ACC.NS,https://assets-netstorage.groww.in/stock-assets/logos/GSTK500410.png,True
AIA Engineering Ltd.,Capital Goods,AIAENG.NS,https://assets-netstorage.groww.in/stock-assets/logos/GSTK532683.png,False
APL Apollo Tubes Ltd.,Capital Goods,APLAPOLLO.NS,https://assets-netstorage.groww.in/stock-assets/logos/GSTK533758.png,False
AU Small Finance Bank Ltd.,Financial Services,AUBANK.NS,https://assets-netstorage.groww.in/stock-assets/logos/GSTK540611.png,True
Aarti Drugs Ltd.,Healthcare,AARTIDRUGS.NS,https://assets-netstorage.groww.in/stock-assets/logos/GSTK524348.png,False
Aarti Industries Ltd.,Chemicals,AARTIIND.NS,https://assets-netstorage.groww.in/stock-assets/logos/GSTK524208.png,True
Aavas Financiers Ltd.,Financial Services,AAVAS.NS,https://assets-netstorage.groww.in/stock-assets/logos/GSTK541988.png,False
Abbott India Ltd.,Healthcare,ABBOTINDIA.NS,https://assets-netstorage.groww.in/stock-assets/logos/GSTK500488.png,True
Adani Energy Solutions Ltd.,Power,ADANIENSOL.NS,https://assets-netstorage.groww.in/stock-assets/logos/GSTK539254.png,False
Adani Enterprises Ltd.,Metals & Mining,ADANIENT.NS,https://assets-netstorage.groww.in/stock-assets/logos/GSTK512599.png,True
Adani Green Energy Ltd.,Power,ADANIGREEN.NS,https://assets-netstorage.groww.in/stock-assets/logos/GSTK541450.png,False
Adani Ports and Special Economic Zone Ltd.,Services,ADANIPORTS.NS,https://assets-netstorage.groww.in/stock-assets/logos/GSTK532921.png,True
Adani Power Ltd.,Power,ADANIPOWER.NS,https://assets-netstorage.groww.in/stock-assets/logos/GSTK533096.png,False
Adani Total Gas Ltd.,Oil Gas & Consumable Fuels,ATGL.NS,https://assets-netstorage.groww.in/stock-assets/logos/GSTK542066.png,False
Adani Wilmar Ltd.,Fast Moving Consumer Goods,AWL.NS,https://assets-netstorage.groww.in/stock-assets/logos/GSTK543458.png,False
Aditya Birla Capital Ltd.,Financial Services,ABCAPITAL.NS,https://assets-netstorage.groww.in/stock-assets/logos/GSTK540691.png,True
Aditya Birla Fashion and Retail Ltd.,Consumer Services,ABFRL.NS,https://assets-netstorage.groww.in/stock-assets/logos/GSTK535755.png,True
Aegis Logistics Ltd.,Oil Gas & Consumable Fuels,AEGISCHEM.NS,https://assets-netstorage.groww.in/stock-assets/logos/GSTK500003.png,False
Aether Industries Ltd.,Chemicals,AETHER.NS,https://assets-netstorage.groww.in/stock-assets/logos/GSTK543534.png,False
Affle (India) Ltd.,Information Technology,AFFLE.NS,https://assets-netstorage.groww.in/stock-assets/logos/GSTK542752.png,False
Ajanta Pharmaceuticals Ltd.,Healthcare,AJANTPHARM.NS,https://assets-netstorage.groww.in/stock-assets/logos/GSTK532331.png,False
Alembic Pharmaceuticals Ltd.,Healthcare,APLLTD.NS,https://assets-netstorage.groww.in/stock-assets/logos/GSTK533573.png,False
Alkem Laboratories Ltd.,Healthcare,ALKEM.NS,https://assets-netstorage.groww.in/stock-assets/logos/GSTK539523.png,True
Alkyl Amines Chemicals Ltd.,Chemicals,ALKYLAMINE.NS,https://assets-netstorage.groww.in/stock-assets/logos/GSTK506767.png,False
Allcargo Logistics Ltd.,Services,ALLCARGO.NS,https://assets-netstorage.groww.in/stock-assets/logos/GSTK532749.png,False
Alok Industries Ltd.,Textiles,ALOKINDS.NS,https://assets-netstorage.groww.in/stock-assets/logos/GSTK521070.png,False
Amara Raja Energy & Mobility Ltd.,Automobile and Auto Components,ARE&M.NS,https://assets-netstorage.groww.in/stock-assets/logos/GSTK500008.png,False
Amber Enterprises India Ltd.,Consumer Durables,AMBER.NS,https://assets-netstorage.groww.in/stock-assets/logos/GSTK540902.png,False
Ambuja Cements Ltd.,Construction Materials,AMBUJACEM.NS,https://assets-netstorage.groww.in/stock-assets/logos/GSTK500425.png,True
Angel One Ltd.,Financial Services,ANGELONE.NS,https://assets-netstorage.groww.in/stock-assets/logos/GSTK543235.png,False
Anupam Rasayan India Ltd.,Chemicals,ANURAS.NS,https://assets-netstorage.groww.in/stock-assets/logos/GSTK543275.png,False
Apar Industries Ltd.,Capital Goods,APARINDS.NS,https://assets-netstorage.groww.in/stock-assets/logos/GSTK532259.png,False
Apollo Hospitals Enterprise Ltd.,Healthcare,APOLLOHOSP.NS,https://assets-netstorage.groww.in/stock-assets/logos/GSTK508869.png,True
Apollo Tyres Ltd.,Automobile and Auto Components,APOLLOTYRE.NS,https://assets-netstorage.groww.in/stock-assets/logos/GSTK500877.png,True
Aptus Value Housing Finance India Ltd.,Financial Services,APTUS.NS,https://assets-netstorage.groww.in/stock-assets/logos/GSTK543335.png,False
Archean Chemical Industries Ltd.,Chemicals,ACI.NS,https://assets-netstorage.groww.in/stock-assets/logos/GSTK543657.png,False
Asahi India Glass Ltd.,Automobile and Auto Components,ASAHIINDIA.NS,https://assets-netstorage.groww.in/stock-assets/logos/GSTK515030.png,False
Ashok Leyland Ltd.,Capital Goods,ASHOKLEY.NS,https://assets-netstorage.groww.in/stock-assets/logos/GSTK500477.png,True
Asian Paints Ltd.,Consumer Durables,ASIANPAINT.NS,https://assets-netstorage.groww.in/stock-assets/logos/GSTK500820.png,True
Aster DM Healthcare Ltd.,Healthcare,ASTERDM.NS,https://assets-netstorage.groww.in/stock-assets/logos/GSTK540975.png,False
Astral Ltd.,Capital Goods,ASTRAL.NS,https://assets-netstorage.groww.in/stock-assets/logos/GSTK532830.png,True
Atul Ltd.,Chemicals,ATUL.NS,https://assets-netstorage.groww.in/stock-assets/logos/GSTK531795.png,True
Aurobindo Pharma Ltd.,Healthcare,AUROPHARMA.NS,https://assets-netstorage.groww.in/stock-assets/logos/GSTK524804.png,True
Avanti Feeds Ltd.,Fast Moving Consumer Goods,AVANTIFEED.NS,https://assets-netstorage.groww.in/stock-assets/logos/GSTK512573.png,False
Avenue Supermarts Ltd.,Consumer Services,DMART.NS,https://assets-netstorage.groww.in/stock-assets/logos/GSTK540376.png,False
Axis Bank Ltd.,Financial Services,AXISBANK.NS,https://assets-netstorage.groww.in/stock-assets/logos/GSTK532215.png,True
BEML Ltd.,Capital Goods,BEML.NS,https://assets-netstorage.groww.in/stock-assets/logos/GSTK500048.png,False
BLS International Services Ltd.,Consumer Services,BLS.NS,https://assets-netstorage.groww.in/stock-assets/logos/GSTK540073.png,False
BSE Ltd.,Financial Services,BSE.NS,https://assets-netstorage.groww.in/stock-assets/logos/GSTK201890.png,False
Bajaj Auto Ltd.,Automobile and Auto Components,BAJAJ-AUTO.NS,https://assets-netstorage.groww.in/stock-assets/logos/GSTK532977.png,True
Bajaj Finance Ltd.,Financial Services,BAJFINANCE.NS,https://assets-netstorage.groww.in/stock-assets/logos/GSTK500034.png,True
Bajaj Finserv Ltd.,Financial Services,BAJAJFINSV.NS,https://assets-netstorage.groww.in/stock-assets/logos/GSTK532978.png,True
Bajaj Holdings & Investment Ltd.,Financial Services,BAJAJHLDNG.NS,https://assets-netstorage.groww.in/stock-assets/logos/GSTK500490.png,False
Balaji Amines Ltd.,Chemicals,BALAMINES.NS,https://assets-netstorage.groww.in/stock-assets/logos/GSTK530999.png,False
Balkrishna Industries Ltd.,Automobile and Auto Components,BALKRISIND.NS,https://assets-netstorage.groww.in/stock-assets/logos/GSTK502355.png,True
Balrampur Chini Mills Ltd.,Fast Moving Consumer Goods,BALRAMCHIN.NS,https://assets-netstorage.groww.in/stock-assets/logos/GSTK500038.png,True
Bandhan Bank Ltd.,Financial Services,BANDHANBNK.NS,https://assets-netstorage.groww.in/stock-assets/logos/GSTK541153.png,True
Bank of Baroda,Financial Services,BANKBARODA.NS,https://assets-netstorage.groww.in/stock-assets/logos/GSTK532134.png,True
Bank of India,Financial Services,BANKINDIA.NS,https://assets-netstorage.groww.in/stock-assets/logos/GSTK500112.png,False
Bank of Maharashtra,Financial Services,MAHABANK.NS,https://assets-netstorage.groww.in/stock-assets/logos/GSTK532525.png,False
Bata India Ltd.,Consumer Durables,BATAINDIA.NS,https://assets-netstorage.groww.in/stock-assets/logos/GSTK500043.png,True
Bayer Cropscience Ltd.,Chemicals,BAYERCROP.NS,https://assets-netstorage.groww.in/stock-assets/logos/GSTK506285.png,False
Berger Paints India Ltd.,Consumer Durables,BERGEPAINT.NS,https://assets-netstorage.groww.in/stock-assets/logos/GSTK509480.png,True
Bharat Dynamics Ltd.,Capital Goods,BDL.NS,https://assets-netstorage.groww.in/stock-assets/logos/GSTK541143.png,False
Bharat Electronics Ltd.,Capital Goods,BEL.NS,https://assets-netstorage.groww.in/stock-assets/logos/GSTK500049.png,True
Bharat Forge Ltd.,Capital Goods,BHARATFORG.NS,https://assets-netstorage.groww.in/stock-assets/logos/GSTK500493.png,True
Bharat Heavy Electricals Ltd.,Capital Goods,BHEL.NS,https://assets-netstorage.groww.in/stock-assets/logos/GSTK500103.png,True
Bharat Petroleum Corporation Ltd.,Oil Gas & Consumable Fuels,BPCL.NS,https://assets-netstorage.groww.in/stock-assets/logos/GSTK500547.png,True
Bharti Airtel Ltd.,Telecommunication,BHARTIARTL.NS,https://assets-netstorage.groww.in/stock-assets/logos/GSTK532454.png,True
Bikaji Foods International Ltd.,Fast Moving Consumer Goods,BIKAJI.NS,https://assets-netstorage.groww.in/stock-assets/logos/GSTK543653.png,False
Biocon Ltd.,Healthcare,BIOCON.NS,https://assets-netstorage.groww.in/stock-assets/logos/GSTK532523.png,True
Birla Corporation Ltd.,Construction Materials,BIRLACORPN.NS,https://assets-netstorage.groww.in/stock-assets/logos/GSTK500335.png,False
Birlasoft Ltd.,Information Technology,BSOFT.NS,https://assets-netstorage.groww.in/stock-assets/logos/GSTK532400.png,True
Blue Dart Express Ltd.,Services,BLUEDART.NS,https://assets-netstorage.groww.in/stock-assets/logos/GSTK526612.png,False
Blue Star Ltd.,Consumer Durables,BLUESTARCO.NS,https://assets-netstorage.groww.in/stock-assets/logos/GSTK500067.png,False
Bombay Burmah Trading Corporation Ltd.,Fast Moving Consumer Goods,BBTC.NS,https://assets-netstorage.groww.in/stock-assets/logos/GSTK501425.png,False
Borosil Renewables Ltd.,Capital Goods,BORORENEW.NS,https://assets-netstorage.groww.in/stock-assets/logos/GSTK502219.png,False
Bosch Ltd.,Automobile and Auto Components,BOSCHLTD.NS,https://assets-netstorage.groww.in/stock-assets/logos/GSTK500530.png,True
Brigade Enterprises Ltd.,Realty,BRIGADE.NS,https://assets-netstorage.groww.in/stock-assets/logos/GSTK532929.png,False
Brightcom Group Ltd.,Information Technology,BCG.NS,https://assets-netstorage.groww.in/stock-assets/logos/GSTK532368.png,False
Britannia Industries Ltd.,Fast Moving Consumer Goods,BRITANNIA.NS,https://assets-netstorage.groww.in/stock-assets/logos/GSTK500825.png,True
C.E. Info Systems Ltd.,Information Technology,MAPMYINDIA.NS,https://assets-netstorage.groww.in/stock-assets/logos/GSTK543425.png,False
CCL Products (I) Ltd.,Fast Moving Consumer Goods,CCL.NS,https://assets-netstorage.groww.in/stock-assets/logos/GSTK519600.png,False
CESC Ltd.,Power,CESC.NS,https://assets-netstorage.groww.in/stock-assets/logos/GSTK500084.png,False
CG Power and Industrial Solutions Ltd.,Capital Goods,CGPOWER.NS,https://assets-netstorage.groww.in/stock-assets/logos/GSTK500093.png,False
CIE Automotive India Ltd.,Automobile and Auto Components,CIEINDIA.NS,https://assets-netstorage.groww.in/stock-assets/logos/GSTK532756.png,False
CRISIL Ltd.,Financial Services,CRISIL.NS,https://assets-netstorage.groww.in/stock-assets/logos/GSTK500092.png,False
CSB Bank Ltd.,Financial Services,CSBBANK.NS,https://assets-netstorage.groww.in/stock-assets/logos/GSTK542867.png,False
Campus Activewear Ltd.,Consumer Durables,CAMPUS.NS,https://assets-netstorage.groww.in/stock-assets/logos/GSTK543523.png,False
Can Fin Homes Ltd.,Financial Services,CANFINHOME.NS,https://assets-netstorage.groww.in/stock-assets/logos/GSTK511196.png,True
Canara Bank,Financial Services,CANBK.NS,https://assets-netstorage.groww.in/stock-assets/logos/GSTK532483.png,True
Capri Global Capital Ltd.,Financial Services,CGCL.NS,https://assets-netstorage.groww.in/stock-assets/logos/GSTK531595.png,False
Carborundum Universal Ltd.,Capital Goods,CARBORUNIV.NS,https://assets-netstorage.groww.in/stock-assets/logos/GSTK513375.png,False
Castrol India Ltd.,Oil Gas & Consumable Fuels,CASTROLIND.NS,https://assets-netstorage.groww.in/stock-assets/logos/GSTK500870.png,False
Ceat Ltd.,Automobile and Auto Components,CEATLTD.NS,https://assets-netstorage.groww.in/stock-assets/logos/GSTK500878.png,False
Central Bank of India,Financial Services,CENTRALBK.NS,https://assets-netstorage.groww.in/stock-assets/logos/GSTK532885.png,False
Central Depository Services (India) Ltd.,Financial Services,CDSL.NS,https://assets-netstorage.groww.in/stock-assets/logos/GSTK201232.png,False
Century Plyboards (India) Ltd.,Consumer Durables,CENTURYPLY.NS,https://assets-netstorage.groww.in/stock-assets/logos/GSTK532548.png,False
Century Textile & Industries Ltd.,Forest Materials,CENTURYTEX.NS,https://assets-netstorage.groww.in/stock-assets/logos/GSTK500040.png,False
Cera Sanitaryware Ltd,Consumer Durables,CERA.NS,https://assets-netstorage.groww.in/stock-assets/logos/GSTK532443.png,False
Chalet Hotels Ltd.,Consumer Services,CHALET.NS,https://assets-netstorage.groww.in/stock-assets/logos/GSTK542399.png,False
Chambal Fertilizers & Chemicals Ltd.,Chemicals,CHAMBLFERT.NS,https://assets-netstorage.groww.in/stock-assets/logos/GSTK500085.png,True
Chemplast Sanmar Ltd.,Chemicals,CHEMPLASTS.NS,https://assets-netstorage.groww.in/stock-assets/logos/GSTK543336.png,False
Cholamandalam Financial Holdings Ltd.,Financial Services,CHOLAHLDNG.NS,https://assets-netstorage.groww.in/stock-assets/logos/GSTK504973.png,False
Cholamandalam Investment and Finance Company Ltd.,Financial Services,CHOLAFIN.NS,https://assets-netstorage.groww.in/stock-assets/logos/GSTK511243.png,True
Cipla Ltd.,Healthcare,CIPLA.NS,https://assets-netstorage.groww.in/stock-assets/logos/GSTK500087.png,True
City Union Bank Ltd.,Financial Services,CUB.NS,https://assets-netstorage.groww.in/stock-assets/logos/GSTK532210.png,True
Clean Science and Technology Ltd.,Chemicals,CLEAN.NS,https://assets-netstorage.groww.in/stock-assets/logos/GSTK543318.png,False
Coal India Ltd.,Oil Gas & Consumable Fuels,COALINDIA.NS,https://assets-netstorage.groww.in/stock-assets/logos/GSTK533278.png,True
Cochin Shipyard Ltd.,Capital Goods,COCHINSHIP.NS,https://assets-netstorage.groww.in/stock-assets/logos/GSTK540678.png,False
Coforge Ltd.,Information Technology,COFORGE.NS,https://assets-netstorage.groww.in/stock-assets/logos/GSTK532541.png,True
Colgate Palmolive (India) Ltd.,Fast Moving Consumer Goods,COLPAL.NS,https://assets-netstorage.groww.in/stock-assets/logos/GSTK500830.png,True
Computer Age Management Services Ltd.,Financial Services,CAMS.NS,https://assets-netstorage.groww.in/stock-assets/logos/GSTK543232.png,False
Concord Biotech Ltd.,Healthcare,CONCORDBIO.NS,https://assets-netstorage.groww.in/stock-assets/logos/GSTK543960.png,False
Container Corporation of India Ltd.,Services,CONCOR.NS,https://assets-netstorage.groww.in/stock-assets/logos/GSTK531344.png,True
Coromandel International Ltd.,Chemicals,COROMANDEL.NS,https://assets-netstorage.groww.in/stock-assets/logos/GSTK506395.png,True
Craftsman Automation Ltd.,Automobile and Auto Components,CRAFTSMAN.NS,https://assets-netstorage.groww.in/stock-assets/logos/GSTK543276.png,False
CreditAccess Grameen Ltd.,Financial Services,CREDITACC.NS,https://assets-netstorage.groww.in/stock-assets/logos/GSTK541770.png,False
Crompton Greaves Consumer Electricals Ltd.,Consumer Durables,CROMPTON.NS,https://assets-netstorage.groww.in/stock-assets/logos/GSTK539876.png,True
Cummins India Ltd.,Capital Goods,CUMMINSIND.NS,https://assets-netstorage.groww.in/stock-assets/logos/GSTK500480.png,True
Cyient Ltd.,Information Technology,CYIENT.NS,https://assets-netstorage.groww.in/stock-assets/logos/GSTK532175.png,False
DCM Shriram Ltd.,Diversified,DCMSHRIRAM.NS,https://assets-netstorage.groww.in/stock-assets/logos/GSTK523367.png,False
DLF Ltd.,Realty,DLF.NS,https://assets-netstorage.groww.in/stock-assets/logos/GSTK532868.png,True
Dabur India Ltd.,Fast Moving Consumer Goods,DABUR.NS,https://assets-netstorage.groww.in/stock-assets/logos/GSTK500096.png,True
Dalmia Bharat Ltd.,Construction Materials,DALBHARAT.NS,https://assets-netstorage.groww.in/stock-assets/logos/GSTK542216.png,True
Data Patterns (India) Ltd.,Capital Goods,DATAPATTNS.NS,https://assets-netstorage.groww.in/stock-assets/logos/GSTK543428.png,False
Deepak Fertilisers & Petrochemicals Corp. Ltd.,Chemicals,DEEPAKFERT.NS,https://assets-netstorage.groww.in/stock-assets/logos/GSTK500645.png,False
Deepak Nitrite Ltd.,Chemicals,DEEPAKNTR.NS,https://assets-netstorage.groww.in/stock-assets/logos/GSTK506401.png,True
Delhivery Ltd.,Services,DELHIVERY.NS,https://assets-netstorage.groww.in/stock-assets/logos/GSTK543529.png,False
Delta Corp Ltd.,Consumer Services,DELTACORP.NS,https://assets-netstorage.groww.in/stock-assets/logos/GSTK532848.png,True
Devyani International Ltd.,Consumer Services,DEVYANI.NS,https://assets-netstorage.groww.in/stock-assets/logos/GSTK543330.png,False
Divi's Laboratories Ltd.,Healthcare,DIVISLAB.NS,https://assets-netstorage.groww.in/stock-assets/logos/GSTK532488.png,True
Dixon Technologies (India) Ltd.,Consumer Durables,DIXON.NS,https://assets-netstorage.groww.in/stock-assets/logos/GSTK540699.png,True
Dr. Lal Path Labs Ltd.,Healthcare,LALPATHLAB.NS,https://assets-netstorage.groww.in/stock-assets/logos/GSTK539524.png,True
Dr. Reddy's Laboratories Ltd.,Healthcare,DRREDDY.NS,https://assets-netstorage.groww.in/stock-assets/logos/GSTK500124.png,True
E.I.D. Parry (India) Ltd.,Chemicals,EIDPARRY.NS,https://assets-netstorage.groww.in/stock-assets/logos/GSTK500125.png,False
EIH Ltd.,Consumer Services,EIHOTEL.NS,https://assets-netstorage.groww.in/stock-assets/logos/GSTK500840.png,False
EPL Ltd.,Capital Goods,EPL.NS,https://assets-netstorage.groww.in/stock-assets/logos/GSTK500135.png,False
Easy Trip Planners Ltd.,Consumer Services,EASEMYTRIP.NS,https://assets-netstorage.groww.in/stock-assets/logos/GSTK543272.png,False
Eicher Motors Ltd.,Automobile and Auto Components,EICHERMOT.NS,https://assets-netstorage.groww.in/stock-assets/logos/GSTK505200.png,True
Elgi Equipments Ltd.,Capital Goods,ELGIEQUIP.NS,https://assets-netstorage.groww.in/stock-assets/logos/GSTK522074.png,False
Emami Ltd.,Fast Moving Consumer Goods,EMAMILTD.NS,https://assets-netstorage.groww.in/stock-assets/logos/GSTK531162.png,False
Endurance Technologies Ltd.,Automobile and Auto Components,ENDURANCE.NS,https://assets-netstorage.groww.in/stock-assets/logos/GSTK540153.png,False
Engineers India Ltd.,Construction,ENGINERSIN.NS,https://assets-netstorage.groww.in/stock-assets/logos/GSTK532178.png,False
Epigral Ltd.,Chemicals,EPIGRAL.NS,https://assets-netstorage.groww.in/stock-assets/logos/GSTK543332.png,False
Equitas Small Finance Bank Ltd.,Financial Services,EQUITASBNK.NS,https://assets-netstorage.groww.in/stock-assets/logos/GSTK543243.png,False
Eris Lifesciences Ltd.,Healthcare,ERIS.NS,https://assets-netstorage.groww.in/stock-assets/logos/GSTK540596.png,False
Escorts Kubota Ltd.,Capital Goods,ESCORTS.NS,https://assets-netstorage.groww.in/stock-assets/logos/GSTK500495.png,True
Exide Industries Ltd.,Automobile and Auto Components,EXIDEIND.NS,https://assets-netstorage.groww.in/stock-assets/logos/GSTK500086.png,True
FDC Ltd.,Healthcare,FDC.NS,https://assets-netstorage.groww.in/stock-assets/logos/GSTK531599.png,False
FSN E-Commerce Ventures Ltd.,Consumer Services,NYKAA.NS,https://assets-netstorage.groww.in/stock-assets/logos/GSTK543384.png,False
Federal Bank Ltd.,Financial Services,FEDERALBNK.NS,https://assets-netstorage.groww.in/stock-assets/logos/GSTK500469.png,True
Fertilisers and Chemicals Travancore Ltd.,Chemicals,FACT.NS,https://assets-netstorage.groww.in/stock-assets/logos/GSTK590024.png,False
Fine Organic Industries Ltd.,Chemicals,FINEORG.NS,https://assets-netstorage.groww.in/stock-assets/logos/GSTK541557.png,False
Finolex Cables Ltd.,Capital Goods,FINCABLES.NS,https://assets-netstorage.groww.in/stock-assets/logos/GSTK500144.png,False
Finolex Industries Ltd.,Capital Goods,FINPIPE.NS,https://assets-netstorage.groww.in/stock-assets/logos/GSTK500940.png,False
Firstsource Solutions Ltd.,Services,FSL.NS,https://assets-netstorage.groww.in/stock-assets/logos/GSTK532809.png,False
Five-Star Business Finance Ltd.,Financial Services,FIVESTAR.NS,https://assets-netstorage.groww.in/stock-assets/logos/GSTK543663.png,False
Fortis Healthcare Ltd.,Healthcare,FORTIS.NS,https://assets-netstorage.groww.in/stock-assets/logos/GSTK532843.png,False
G R Infraprojects Ltd.,Construction,GRINFRA.NS,https://assets-netstorage.groww.in/stock-assets/logos/GSTK532940.png,False
GAIL (India) Ltd.,Oil Gas & Consumable Fuels,GAIL.NS,https://assets-netstorage.groww.in/stock-assets/logos/GSTK532155.png,True
GMM Pfaudler Ltd.,Capital Goods,GMMPFAUDLR.NS,https://assets-netstorage.groww.in/stock-assets/logos/GSTK505255.png,False
GMR Airports Infrastructure Ltd.,Services,GMRINFRA.NS,https://assets-netstorage.groww.in/stock-assets/logos/GSTK532754.png,True
Galaxy Surfactants Ltd.,Chemicals,GALAXYSURF.NS,https://assets-netstorage.groww.in/stock-assets/logos/GSTK540935.png,False
General Insurance Corporation of India,Financial Services,GICRE.NS,https://assets-netstorage.groww.in/stock-assets/logos/GSTK540755.png,False
Gillette India Ltd.,Fast Moving Consumer Goods,GILLETTE.NS,https://assets-netstorage.groww.in/stock-assets/logos/GSTK507815.png,False
Gland Pharma Ltd.,Healthcare,GLAND.NS,https://assets-netstorage.groww.in/stock-assets/logos/GSTK543245.png,False
Glaxosmithkline Pharmaceuticals Ltd.,Healthcare,GLAXO.NS,https://assets-netstorage.groww.in/stock-assets/logos/GSTK500660.png,False
Glenmark Life Sciences Ltd.,Healthcare,GLS.NS,https://assets-netstorage.groww.in/stock-assets/logos/GSTK543322.png,False
Glenmark Pharmaceuticals Ltd.,Healthcare,GLENMARK.NS,https://assets-netstorage.groww.in/stock-assets/logos/GSTK532296.png,True
Global Health Ltd.,Healthcare,MEDANTA.NS,https://assets-netstorage.groww.in/stock-assets/logos/GSTK543654.png,False
Go Fashion (India) Ltd.,Consumer Services,GOCOLORS.NS,https://assets-netstorage.groww.in/stock-assets/logos/GSTK543401.png,False
Godawari Power & Ispat Ltd.,Capital Goods,GPIL.NS,https://assets-netstorage.groww.in/stock-assets/logos/GSTK532734.png,False
Godfrey Phillips India Ltd.,Fast Moving Consumer Goods,GODFRYPHLP.NS,https://assets-netstorage.groww.in/stock-assets/logos/GSTK500163.png,False
Godrej Consumer Products Ltd.,Fast Moving Consumer Goods,GODREJCP.NS,https://assets-netstorage.groww.in/stock-assets/logos/GSTK532424.png,True
Godrej Industries Ltd.,Diversified,GODREJIND.NS,https://assets-netstorage.groww.in/stock-assets/logos/GSTK500164.png,False
Godrej Properties Ltd.,Realty,GODREJPROP.NS,https://assets-netstorage.groww.in/stock-assets/logos/GSTK533150.png,True
Granules India Ltd.,Healthcare,GRANULES.NS,https://assets-netstorage.groww.in/stock-assets/logos/GSTK532482.png,True
Graphite India Ltd.,Capital Goods,GRAPHITE.NS,https://assets-netstorage.groww.in/stock-assets/logos/GSTK509488.png,False
Grasim Industries Ltd.,Construction Materials,GRASIM.NS,https://assets-netstorage.groww.in/stock-assets/logos/GSTK500300.png,True
Great Eastern Shipping Co. Ltd.,Services,GESHIP.NS,https://assets-netstorage.groww.in/stock-assets/logos/GSTK500620.png,False
Grindwell Norton Ltd.,Capital Goods,GRINDWELL.NS,https://assets-netstorage.groww.in/stock-assets/logos/GSTK506076.png,False
Gujarat Alkalies & Chemicals Ltd.,Chemicals,GUJALKALI.NS,https://assets-netstorage.groww.in/stock-assets/logos/GSTK530001.png,False
Gujarat Ambuja Exports Ltd.,Fast Moving Consumer Goods,GAEL.NS,https://assets-netstorage.groww.in/stock-assets/logos/GSTK524226.png,False
Gujarat Fluorochemicals Ltd.,Chemicals,FLUOROCHEM.NS,https://assets-netstorage.groww.in/stock-assets/logos/GSTK542812.png,False
Gujarat Gas Ltd.,Oil Gas & Consumable Fuels,GUJGASLTD.NS,https://assets-netstorage.groww.in/stock-assets/logos/GSTK539336.png,True
Gujarat Narmada Valley Fertilizers and Chemicals Ltd.,Chemicals,GNFC.NS,https://assets-netstorage.groww.in/stock-assets/logos/GSTK500670.png,True
Gujarat Pipavav Port Ltd.,Services,GPPL.NS,https://assets-netstorage.groww.in/stock-assets/logos/GSTK533248.png,False
Gujarat State Fertilizers & Chemicals Ltd.,Chemicals,GSFC.NS,https://assets-netstorage.groww.in/stock-assets/logos/GSTK500690.png,False
Gujarat State Petronet Ltd.,Oil Gas & Consumable Fuels,GSPL.NS,https://assets-netstorage.groww.in/stock-assets/logos/GSTK532702.png,False
H.E.G. Ltd.,Capital Goods,HEG.NS,https://assets-netstorage.groww.in/stock-assets/logos/GSTK540005.png,False
HCL Technologies Ltd.,Information Technology,HCLTECH.NS,https://assets-netstorage.groww.in/stock-assets/logos/GSTK532281.png,True
HDFC Asset Management Company Ltd.,Financial Services,HDFCAMC.NS,https://assets-netstorage.groww.in/stock-assets/logos/GSTK541729.png,True
HDFC Bank Ltd.,Financial Services,HDFCBANK.NS,https://assets-netstorage.groww.in/stock-assets/logos/GSTK500180.png,True
HDFC Life Insurance Company Ltd.,Financial Services,HDFCLIFE.NS,https://assets-netstorage.groww.in/stock-assets/logos/GSTK540777.png,True
HFCL Ltd.,Telecommunication,HFCL.NS,https://assets-netstorage.groww.in/stock-assets/logos/GSTK500183.png,False
HLE Glascoat Ltd.,Capital Goods,HLEGLAS.NS,https://assets-netstorage.groww.in/stock-assets/logos/GSTK522215.png,False
Happiest Minds Technologies Ltd.,Information Technology,HAPPSTMNDS.NS,https://assets-netstorage.groww.in/stock-assets/logos/GSTK543227.png,False
Havells India Ltd.,Consumer Durables,HAVELLS.NS,https://assets-netstorage.groww.in/stock-assets/logos/GSTK517354.png,True
Hero MotoCorp Ltd.,Automobile and Auto Components,HEROMOTOCO.NS,https://assets-netstorage.groww.in/stock-assets/logos/GSTK500182.png,True
Hindalco Industries Ltd.,Metals & Mining,HINDALCO.NS,https://assets-netstorage.groww.in/stock-assets/logos/GSTK500440.png,True
Hindustan Aeronautics Ltd.,Capital Goods,HAL.NS,https://assets-netstorage.groww.in/stock-assets/logos/GSTK541154.png,True
Hindustan Copper Ltd.,Metals & Mining,HINDCOPPER.NS,https://assets-netstorage.groww.in/stock-assets/logos/GSTK513599.png,True
Hindustan Petroleum Corporation Ltd.,Oil Gas & Consumable Fuels,HINDPETRO.NS,https://assets-netstorage.groww.in/stock-assets/logos/GSTK500104.png,True
Hindustan Unilever Ltd.,Fast Moving Consumer Goods,HINDUNILVR.NS,https://assets-netstorage.groww.in/stock-assets/logos/GSTK500696.png,True
Hindustan Zinc Ltd.,Metals & Mining,HINDZINC.NS,https://assets-netstorage.groww.in/stock-assets/logos/GSTK500188.png,False
Hitachi Energy India Ltd.,Capital Goods,POWERINDIA.NS,https://assets-netstorage.groww.in/stock-assets/logos/GSTK543187.png,False
Home First Finance Company India Ltd.,Financial Services,HOMEFIRST.NS,https://assets-netstorage.groww.in/stock-assets/logos/GSTK543259.png,False
Honeywell Automation India Ltd.,Capital Goods,HONAUT.NS,https://assets-netstorage.groww.in/stock-assets/logos/GSTK517174.png,False
Housing & Urban Development Corporation Ltd.,Financial Services,HUDCO.NS,https://assets-netstorage.groww.in/stock-assets/logos/GSTK540530.png,False
ICICI Bank Ltd.,Financial Services,ICICIBANK.NS,https://assets-netstorage.groww.in/stock-assets/logos/GSTK532174.png,True
ICICI Lombard General Insurance Company Ltd.,Financial Services,ICICIGI.NS,https://assets-netstorage.groww.in/stock-assets/logos/GSTK540716.png,True
ICICI Prudential Life Insurance Company Ltd.,Financial Services,ICICIPRULI.NS,https://assets-netstorage.groww.in/stock-assets/logos/GSTK540133.png,True
ICICI Securities Ltd.,Financial Services,ISEC.NS,https://assets-netstorage.groww.in/stock-assets/logos/GSTK541179.png,False
IDBI Bank Ltd.,Financial Services,IDBI.NS,https://assets-netstorage.groww.in/stock-assets/logos/GSTK500116.png,False
IDFC First Bank Ltd.,Financial Services,IDFCFIRSTB.NS,https://assets-netstorage.groww.in/stock-assets/logos/GSTK539437.png,True
IDFC Ltd.,Financial Services,IDFC.NS,https://assets-netstorage.groww.in/stock-assets/logos/GSTK539437.png,True
IIFL Finance Ltd.,Financial Services,IIFL.NS,https://assets-netstorage.groww.in/stock-assets/logos/GSTK532636.png,False
IRB Infrastructure Developers Ltd.,Construction,IRB.NS,https://assets-netstorage.groww.in/stock-assets/logos/GSTK532947.png,False
IRCON International Ltd.,Construction,IRCON.NS,https://assets-netstorage.groww.in/stock-assets/logos/GSTK541956.png,False
ITC Ltd.,Fast Moving Consumer Goods,ITC.NS,https://assets-netstorage.groww.in/stock-assets/logos/GSTK500875.png,True
ITI Ltd.,Telecommunication,ITI.NS,https://assets-netstorage.groww.in/stock-assets/logos/GSTK523610.png,False
India Cements Ltd.,Construction Materials,INDIACEM.NS,https://assets-netstorage.groww.in/stock-assets/logos/GSTK530005.png,True
Indiabulls Housing Finance Ltd.,Financial Services,IBULHSGFIN.NS,https://assets-netstorage.groww.in/stock-assets/logos/GSTK535789.png,False
Indiamart Intermesh Ltd.,Consumer Services,INDIAMART.NS,https://assets-netstorage.groww.in/stock-assets/logos/GSTK542726.png,True
Indian Bank,Financial Services,INDIANB.NS,https://assets-netstorage.groww.in/stock-assets/logos/GSTK532388.png,False
Indian Energy Exchange Ltd.,Financial Services,IEX.NS,https://assets-netstorage.groww.in/stock-assets/logos/GSTK540750.png,True
Indian Hotels Co. Ltd.,Consumer Services,INDHOTEL.NS,https://assets-netstorage.groww.in/stock-assets/logos/GSTK500850.png,True
Indian Oil Corporation Ltd.,Oil Gas & Consumable Fuels,IOC.NS,https://assets-netstorage.groww.in/stock-assets/logos/GSTK530965.png,True
Indian Overseas Bank,Financial Services,IOB.NS,https://assets-netstorage.groww.in/stock-assets/logos/GSTK532388.png,False
Indian Railway Catering And Tourism Corporation Ltd.,Consumer Services,IRCTC.NS,https://assets-netstorage.groww.in/stock-assets/logos/GSTK542830.png,True
Indian Railway Finance Corporation Ltd.,Financial Services,IRFC.NS,https://assets-netstorage.groww.in/stock-assets/logos/GSTK543257.png,False
Indigo Paints Ltd.,Consumer Durables,INDIGOPNTS.NS,https://assets-netstorage.groww.in/stock-assets/logos/GSTK543258.png,False
Indraprastha Gas Ltd.,Oil Gas & Consumable Fuels,IGL.NS,https://assets-netstorage.groww.in/stock-assets/logos/GSTK532514.png,True
Indus Towers Ltd.,Telecommunication,INDUSTOWER.NS,https://assets-netstorage.groww.in/stock-assets/logos/GSTK534816.png,True
IndusInd Bank Ltd.,Financial Services,INDUSINDBK.NS,https://assets-netstorage.groww.in/stock-assets/logos/GSTK532187.png,True
Infibeam Avenues Ltd.,Financial Services,INFIBEAM.NS,https://assets-netstorage.groww.in/stock-assets/logos/GSTK539807.png,False
Info Edge (India) Ltd.,Consumer Services,NAUKRI.NS,https://assets-netstorage.groww.in/stock-assets/logos/GSTK532777.png,True
Infosys Ltd.,Information Technology,INFY.NS,https://assets-netstorage.groww.in/stock-assets/logos/GSTK500209.png,True
Ingersoll Rand (India) Ltd.,Capital Goods,INGERRAND.NS,https://assets-netstorage.groww.in/stock-assets/logos/GSTK500210.png,False
Intellect Design Arena Ltd.,Information Technology,INTELLECT.NS,https://assets-netstorage.groww.in/stock-assets/logos/GSTK538835.png,False
InterGlobe Aviation Ltd.,Services,INDIGO.NS,https://assets-netstorage.groww.in/stock-assets/logos/GSTK539448.png,True
Ipca Laboratories Ltd.,Healthcare,IPCALAB.NS,https://assets-netstorage.groww.in/stock-assets/logos/GSTK524494.png,True
J.B. Chemicals & Pharmaceuticals Ltd.,Healthcare,JBCHEPHARM.NS,https://assets-netstorage.groww.in/stock-assets/logos/GSTK500770.png,False
J.K. Cement Ltd.,Construction Materials,JKCEMENT.NS,https://assets-netstorage.groww.in/stock-assets/logos/GSTK509496.png,True
JBM Auto Ltd.,Automobile and Auto Components,JBMA.NS,https://assets-netstorage.groww.in/stock-assets/logos/GSTK532605.png,False
JK Lakshmi Cement Ltd.,Construction Materials,JKLAKSHMI.NS,https://assets-netstorage.groww.in/stock-assets/logos/GSTK500380.png,False
JK Paper Ltd.,Forest Materials,JKPAPER.NS,https://assets-netstorage.groww.in/stock-assets/logos/GSTK532162.png,False
JM Financial Ltd.,Financial Services,JMFINANCIL.NS,https://assets-netstorage.groww.in/stock-assets/logos/GSTK523405.png,False
JSW Energy Ltd.,Power,JSWENERGY.NS,https://assets-netstorage.groww.in/stock-assets/logos/GSTK533148.png,False
JSW Steel Ltd.,Metals & Mining,JSWSTEEL.NS,https://assets-netstorage.groww.in/stock-assets/logos/GSTK500228.png,True
Jamna Auto Industries Ltd.,Automobile and Auto Components,JAMNAAUTO.NS,https://assets-netstorage.groww.in/stock-assets/logos/GSTK520051.png,False
Jindal Saw Ltd.,Capital Goods,JINDALSAW.NS,https://assets-netstorage.groww.in/stock-assets/logos/GSTK500378.png,False
Jindal Stainless Ltd.,Metals & Mining,JSL.NS,https://assets-netstorage.groww.in/stock-assets/logos/GSTK532508.png,False
Jindal Steel & Power Ltd.,Metals & Mining,JINDALSTEL.NS,https://assets-netstorage.groww.in/stock-assets/logos/GSTK532286.png,True
Jubilant Foodworks Ltd.,Consumer Services,JUBLFOOD.NS,https://assets-netstorage.groww.in/stock-assets/logos/GSTK533155.png,True
Jubilant Ingrevia Ltd.,Chemicals,JUBLINGREA.NS,https://assets-netstorage.groww.in/stock-assets/logos/GSTK543271.png,False
Jubilant Pharmova Ltd.,Healthcare,JUBLPHARMA.NS,https://assets-netstorage.groww.in/stock-assets/logos/GSTK530019.png,False
Justdial Ltd.,Consumer Services,JUSTDIAL.NS,https://assets-netstorage.groww.in/stock-assets/logos/GSTK540005.png,False
Jyothy Labs Ltd.,Fast Moving Consumer Goods,JYOTHYLAB.NS,https://assets-netstorage.groww.in/stock-assets/logos/GSTK532926.png,False
K.P.R. Mill Ltd.,Textiles,KPRMILL.NS,https://assets-netstorage.groww.in/stock-assets/logos/GSTK500038.png,False
KEI Industries Ltd.,Capital Goods,KEI.NS,https://assets-netstorage.groww.in/stock-assets/logos/GSTK517569.png,False
KNR Constructions Ltd.,Construction,KNRCON.NS,https://assets-netstorage.groww.in/stock-assets/logos/GSTK532942.png,False
KPIT Technologies Ltd.,Information Technology,KPITTECH.NS,https://assets-netstorage.groww.in/stock-assets/logos/GSTK542651.png,False
KRBL Ltd.,Fast Moving Consumer Goods,KRBL.NS,https://assets-netstorage.groww.in/stock-assets/logos/GSTK530813.png,False
KSB Ltd.,Capital Goods,KSB.NS,https://assets-netstorage.groww.in/stock-assets/logos/GSTK500249.png,False
Kajaria Ceramics Ltd.,Consumer Durables,KAJARIACER.NS,https://assets-netstorage.groww.in/stock-assets/logos/GSTK500233.png,False
Kalpataru Projects International Ltd.,Construction,KPIL.NS,https://assets-netstorage.groww.in/stock-assets/logos/GSTK522287.png,False
Kalyan Jewellers India Ltd.,Consumer Durables,KALYANKJIL.NS,https://assets-netstorage.groww.in/stock-assets/logos/GSTK543278.png,False
Kansai Nerolac Paints Ltd.,Consumer Durables,KANSAINER.NS,https://assets-netstorage.groww.in/stock-assets/logos/GSTK500165.png,False
Karur Vysya Bank Ltd.,Financial Services,KARURVYSYA.NS,https://assets-netstorage.groww.in/stock-assets/logos/GSTK590003.png,False
Kaynes Technology India Ltd.,Capital Goods,KAYNES.NS,https://assets-netstorage.groww.in/stock-assets/logos/GSTK543664.png,False
Kec International Ltd.,Capital Goods,KEC.NS,https://assets-netstorage.groww.in/stock-assets/logos/GSTK532714.png,False
Kfin Technologies Ltd.,Financial Services,KFINTECH.NS,https://assets-netstorage.groww.in/stock-assets/logos/GSTK543720.png,False
Kotak Mahindra Bank Ltd.,Financial Services,KOTAKBANK.NS,https://assets-netstorage.groww.in/stock-assets/logos/GSTK500247.png,True
Krishna Institute of Medical Sciences Ltd.,Healthcare,KIMS.NS,https://assets-netstorage.groww.in/stock-assets/logos/GSTK543308.png,False
L&T Finance Holdings Ltd.,Financial Services,L&TFH.NS,https://assets-netstorage.groww.in/stock-assets/logos/GSTK533519.png,True
L&T Technology Services Ltd.,Information Technology,LTTS.NS,https://assets-netstorage.groww.in/stock-assets/logos/GSTK540115.png,True
LIC Housing Finance Ltd.,Financial Services,LICHSGFIN.NS,https://assets-netstorage.groww.in/stock-assets/logos/GSTK500253.png,True
LTIMindtree Ltd.,Information Technology,LTIM.NS,https://assets-netstorage.groww.in/stock-assets/logos/GSTK540005.png,True
Lakshmi Machine Works Ltd.,Capital Goods,LAXMIMACH.NS,https://assets-netstorage.groww.in/stock-assets/logos/GSTK500252.png,False
Larsen & Toubro Ltd.,Construction,LT.NS,https://assets-netstorage.groww.in/stock-assets/logos/GSTK500510.png,True
Latent View Analytics Ltd.,Information Technology,LATENTVIEW.NS,https://assets-netstorage.groww.in/stock-assets/logos/GSTK543398.png,False
Laurus Labs Ltd.,Healthcare,LAURUSLABS.NS,https://assets-netstorage.groww.in/stock-assets/logos/GSTK540222.png,True
Laxmi Organic Industries Ltd.,Chemicals,LXCHEM.NS,https://assets-netstorage.groww.in/stock-assets/logos/GSTK543277.png,False
Lemon Tree Hotels Ltd.,Consumer Services,LEMONTREE.NS,https://assets-netstorage.groww.in/stock-assets/logos/GSTK541233.png,False
Life Insurance Corporation of India,Financial Services,LICI.NS,https://assets-netstorage.groww.in/stock-assets/logos/GSTK543526.png,False
Linde India Ltd.,Chemicals,LINDEINDIA.NS,https://assets-netstorage.groww.in/stock-assets/logos/GSTK523457.png,False
Lupin Ltd.,Healthcare,LUPIN.NS,https://assets-netstorage.groww.in/stock-assets/logos/GSTK500257.png,True
Lux Industries Ltd.,Textiles,LUXIND.NS,https://assets-netstorage.groww.in/stock-assets/logos/GSTK539542.png,False
MMTC Ltd.,Services,MMTC.NS,https://assets-netstorage.groww.in/stock-assets/logos/GSTK513377.png,False
MRF Ltd.,Automobile and Auto Components,MRF.NS,https://assets-netstorage.groww.in/stock-assets/logos/GSTK500290.png,True
MTAR Technologies Ltd.,Capital Goods,MTARTECH.NS,https://assets-netstorage.groww.in/stock-assets/logos/GSTK543270.png,False
Macrotech Developers Ltd.,Realty,LODHA.NS,https://assets-netstorage.groww.in/stock-assets/logos/GSTK543287.png,False
Mahanagar Gas Ltd.,Oil Gas & Consumable Fuels,MGL.NS,https://assets-netstorage.groww.in/stock-assets/logos/GSTK539957.png,True
Mahindra & Mahindra Financial Services Ltd.,Financial Services,M&MFIN.NS,https://assets-netstorage.groww.in/stock-assets/logos/GSTK500520.png,True
Mahindra & Mahindra Ltd.,Automobile and Auto Components,M&M.NS,https://assets-netstorage.groww.in/stock-assets/logos/GSTK500520.png,True
Mahindra Holidays & Resorts India Ltd.,Consumer Services,MHRIL.NS,https://assets-netstorage.groww.in/stock-assets/logos/GSTK533088.png,False
Mahindra Lifespace Developers Ltd.,Realty,MAHLIFE.NS,https://assets-netstorage.groww.in/stock-assets/logos/GSTK532313.png,False
Manappuram Finance Ltd.,Financial Services,MANAPPURAM.NS,https://assets-netstorage.groww.in/stock-assets/logos/GSTK531213.png,True
Mangalore Refinery & Petrochemicals Ltd.,Oil Gas & Consumable Fuels,MRPL.NS,https://assets-netstorage.groww.in/stock-assets/logos/GSTK500109.png,False
Mankind Pharma Ltd.,Healthcare,MANKIND.NS,https://assets-netstorage.groww.in/stock-assets/logos/GSTK543904.png,False
Marico Ltd.,Fast Moving Consumer Goods,MARICO.NS,https://assets-netstorage.groww.in/stock-assets/logos/GSTK531642.png,True
Maruti Suzuki India Ltd.,Automobile and Auto Components,MARUTI.NS,https://assets-netstorage.groww.in/stock-assets/logos/GSTK532500.png,True
Mastek Ltd.,Information Technology,MASTEK.NS,https://assets-netstorage.groww.in/stock-assets/logos/GSTK523704.png,False
Max Financial Services Ltd.,Financial Services,MFSL.NS,https://assets-netstorage.groww.in/stock-assets/logos/GSTK500271.png,True
Max Healthcare Institute Ltd.,Healthcare,MAXHEALTH.NS,https://assets-netstorage.groww.in/stock-assets/logos/GSTK543220.png,False
Mazagoan Dock Shipbuilders Ltd.,Capital Goods,MAZDOCK.NS,https://assets-netstorage.groww.in/stock-assets/logos/GSTK543237.png,False
Medplus Health Services Ltd.,Consumer Services,MEDPLUS.NS,https://assets-netstorage.groww.in/stock-assets/logos/GSTK543427.png,False
Metro Brands Ltd.,Consumer Durables,METROBRAND.NS,https://assets-netstorage.groww.in/stock-assets/logos/GSTK543426.png,False
Metropolis Healthcare Ltd.,Healthcare,METROPOLIS.NS,https://assets-netstorage.groww.in/stock-assets/logos/GSTK542650.png,True
Minda Corporation Ltd.,Automobile and Auto Components,MINDACORP.NS,https://assets-netstorage.groww.in/stock-assets/logos/GSTK538962.png,False
Motherson Sumi Wiring India Ltd.,Automobile and Auto Components,MSUMI.NS,https://assets-netstorage.groww.in/stock-assets/logos/GSTK543498.png,False
Motilal Oswal Financial Services Ltd.,Financial Services,MOTILALOFS.NS,https://assets-netstorage.groww.in/stock-assets/logos/GSTK532892.png,False
MphasiS Ltd.,Information Technology,MPHASIS.NS,https://assets-netstorage.groww.in/stock-assets/logos/GSTK526299.png,True
Multi Commodity Exchange of India Ltd.,Financial Services,MCX.NS,https://assets-netstorage.groww.in/stock-assets/logos/GSTK534091.png,True
Muthoot Finance Ltd.,Financial Services,MUTHOOTFIN.NS,https://assets-netstorage.groww.in/stock-assets/logos/GSTK533398.png,True
NATCO Pharma Ltd.,Healthcare,NATCOPHARM.NS,https://assets-netstorage.groww.in/stock-assets/logos/GSTK524816.png,False
NBCC (India) Ltd.,Construction,NBCC.NS,https://assets-netstorage.groww.in/stock-assets/logos/GSTK534309.png,False
NCC Ltd.,Construction,NCC.NS,https://assets-netstorage.groww.in/stock-assets/logos/GSTK500294.png,False
NHPC Ltd.,Power,NHPC.NS,https://assets-netstorage.groww.in/stock-assets/logos/GSTK533098.png,False
NLC India Ltd.,Power,NLCINDIA.NS,https://assets-netstorage.groww.in/stock-assets/logos/GSTK513683.png,False
NMDC Ltd.,Metals & Mining,NMDC.NS,https://assets-netstorage.groww.in/stock-assets/logos/GSTK526371.png,True
NMDC Steel Ltd.,Metals & Mining,NSLNISP.NS,https://assets-netstorage.groww.in/stock-assets/logos/GSTK543768.png,False
NTPC Ltd.,Power,NTPC.NS,https://assets-netstorage.groww.in/stock-assets/logos/GSTK532555.png,True
Narayana Hrudayalaya Ltd.,Healthcare,NH.NS,https://assets-netstorage.groww.in/stock-assets/logos/GSTK539551.png,False
National Aluminium Co. Ltd.,Metals & Mining,NATIONALUM.NS,https://assets-netstorage.groww.in/stock-assets/logos/GSTK532234.png,True
Navin Fluorine International Ltd.,Chemicals,NAVINFLUOR.NS,https://assets-netstorage.groww.in/stock-assets/logos/GSTK532504.png,True
Nazara Technologies Ltd.,Media Entertainment & Publication,NAZARA.NS,https://assets-netstorage.groww.in/stock-assets/logos/GSTK543280.png,False
Nestle India Ltd.,Fast Moving Consumer Goods,NESTLEIND.NS,https://assets-netstorage.groww.in/stock-assets/logos/GSTK500790.png,True
Network18 Media & Investments Ltd.,Media Entertainment & Publication,NETWORK18.NS,https://assets-netstorage.groww.in/stock-assets/logos/GSTK532798.png,False
Nippon Life India Asset Management Ltd.,Financial Services,NAM-INDIA.NS,https://assets-netstorage.groww.in/stock-assets/logos/GSTK540767.png,False
Nuvoco Vistas Corporation Ltd.,Construction Materials,NUVOCO.NS,https://assets-netstorage.groww.in/stock-assets/logos/GSTK543334.png,False
Oberoi Realty Ltd.,Realty,OBEROIRLTY.NS,https://assets-netstorage.groww.in/stock-assets/logos/GSTK533273.png,True
Oil & Natural Gas Corporation Ltd.,Oil Gas & Consumable Fuels,ONGC.NS,https://assets-netstorage.groww.in/stock-assets/logos/GSTK530965.png,True
Oil India Ltd.,Oil Gas & Consumable Fuels,OIL.NS,https://assets-netstorage.groww.in/stock-assets/logos/GSTK530965.png,False
Olectra Greentech Ltd.,Automobile and Auto Components,OLECTRA.NS,https://assets-netstorage.groww.in/stock-assets/logos/GSTK532439.png,False
One 97 Communications Ltd.,Financial Services,PAYTM.NS,https://assets-netstorage.groww.in/stock-assets/logos/GSTK543396.png,False
Oracle Financial Services Software Ltd.,Information Technology,OFSS.NS,https://assets-netstorage.groww.in/stock-assets/logos/GSTK532466.png,True
Orient Electric Ltd.,Consumer Durables,ORIENTELEC.NS,https://assets-netstorage.groww.in/stock-assets/logos/GSTK541301.png,False
PB Fintech Ltd.,Financial Services,POLICYBZR.NS,https://assets-netstorage.groww.in/stock-assets/logos/GSTK543390.png,False
PCBL Ltd.,Chemicals,PCBL.NS,https://assets-netstorage.groww.in/stock-assets/logos/GSTK506590.png,False
PI Industries Ltd.,Chemicals,PIIND.NS,https://assets-netstorage.groww.in/stock-assets/logos/GSTK500331.png,True
PNB Housing Finance Ltd.,Financial Services,PNBHOUSING.NS,https://assets-netstorage.groww.in/stock-assets/logos/GSTK540173.png,False
PNC Infratech Ltd.,Construction,PNCINFRA.NS,https://assets-netstorage.groww.in/stock-assets/logos/GSTK539150.png,False
PVR INOX Ltd.,Media Entertainment & Publication,PVRINOX.NS,https://assets-netstorage.groww.in/stock-assets/logos/GSTK532689.png,True
Page Industries Ltd.,Textiles,PAGEIND.NS,https://assets-netstorage.groww.in/stock-assets/logos/GSTK532827.png,True
Patanjali Foods Ltd.,Fast Moving Consumer Goods,PATANJALI.NS,https://assets-netstorage.groww.in/stock-assets/logos/GSTK500368.png,False
Persistent Systems Ltd.,Information Technology,PERSISTENT.NS,https://assets-netstorage.groww.in/stock-assets/logos/GSTK533179.png,True
Petronet LNG Ltd.,Oil Gas & Consumable Fuels,PETRONET.NS,https://assets-netstorage.groww.in/stock-assets/logos/GSTK532522.png,True
Pfizer Ltd.,Healthcare,PFIZER.NS,https://assets-netstorage.groww.in/stock-assets/logos/GSTK500680.png,False
Phoenix Mills Ltd.,Realty,PHOENIXLTD.NS,https://assets-netstorage.groww.in/stock-assets/logos/GSTK503100.png,False
Pidilite Industries Ltd.,Chemicals,PIDILITIND.NS,https://assets-netstorage.groww.in/stock-assets/logos/GSTK500331.png,True
Piramal Enterprises Ltd.,Financial Services,PEL.NS,https://assets-netstorage.groww.in/stock-assets/logos/GSTK500302.png,True
Piramal Pharma Ltd.,Healthcare,PPLPHARMA.NS,https://assets-netstorage.groww.in/stock-assets/logos/GSTK543635.png,False
Poly Medicure Ltd.,Healthcare,POLYMED.NS,https://assets-netstorage.groww.in/stock-assets/logos/GSTK531768.png,False
Polycab India Ltd.,Capital Goods,POLYCAB.NS,https://assets-netstorage.groww.in/stock-assets/logos/GSTK542652.png,True
Polyplex Corporation Ltd.,Capital Goods,POLYPLEX.NS,https://assets-netstorage.groww.in/stock-assets/logos/GSTK524051.png,False
Poonawalla Fincorp Ltd.,Financial Services,POONAWALLA.NS,https://assets-netstorage.groww.in/stock-assets/logos/GSTK524000.png,False
Power Finance Corporation Ltd.,Financial Services,PFC.NS,https://assets-netstorage.groww.in/stock-assets/logos/GSTK532810.png,True
Power Grid Corporation of India Ltd.,Power,POWERGRID.NS,https://assets-netstorage.groww.in/stock-assets/logos/GSTK532898.png,True
Praj Industries Ltd.,Capital Goods,PRAJIND.NS,https://assets-netstorage.groww.in/stock-assets/logos/GSTK522205.png,False
Prestige Estates Projects Ltd.,Realty,PRESTIGE.NS,https://assets-netstorage.groww.in/stock-assets/logos/GSTK533274.png,False
Prince Pipes and Fittings Ltd.,Capital Goods,PRINCEPIPE.NS,https://assets-netstorage.groww.in/stock-assets/logos/GSTK542907.png,False
Prism Johnson Ltd.,Construction Materials,PRSMJOHNSN.NS,https://assets-netstorage.groww.in/stock-assets/logos/GSTK500338.png,False
Procter & Gamble Health Ltd.,Healthcare,PGHL.NS,https://assets-netstorage.groww.in/stock-assets/logos/GSTK500459.png,False
Procter & Gamble Hygiene & Health Care Ltd.,Fast Moving Consumer Goods,PGHH.NS,https://assets-netstorage.groww.in/stock-assets/logos/GSTK500459.png,False
Punjab National Bank,Financial Services,PNB.NS,https://assets-netstorage.groww.in/stock-assets/logos/GSTK532461.png,True
Quess Corp Ltd.,Services,QUESS.NS,https://assets-netstorage.groww.in/stock-assets/logos/GSTK539978.png,False
RBL Bank Ltd.,Financial Services,RBLBANK.NS,https://assets-netstorage.groww.in/stock-assets/logos/GSTK540065.png,True
REC Ltd.,Financial Services,RECLTD.NS,https://assets-netstorage.groww.in/stock-assets/logos/GSTK532955.png,True
RHI MAGNESITA INDIA LTD.,Capital Goods,RHIM.NS,https://assets-netstorage.groww.in/stock-assets/logos/GSTK534076.png,False
RITES Ltd.,Construction,RITES.NS,https://assets-netstorage.groww.in/stock-assets/logos/GSTK541556.png,False
Radico Khaitan Ltd,Fast Moving Consumer Goods,RADICO.NS,https://assets-netstorage.groww.in/stock-assets/logos/GSTK532497.png,False
Rail Vikas Nigam Ltd.,Construction,RVNL.NS,https://assets-netstorage.groww.in/stock-assets/logos/GSTK542649.png,False
Rain Industries Ltd,Chemicals,RAIN.NS,https://assets-netstorage.groww.in/stock-assets/logos/GSTK500339.png,False
Rainbow Childrens Medicare Ltd.,Healthcare,RAINBOW.NS,https://assets-netstorage.groww.in/stock-assets/logos/GSTK543524.png,False
Rajesh Exports Ltd.,Consumer Durables,RAJESHEXPO.NS,https://assets-netstorage.groww.in/stock-assets/logos/GSTK531500.png,False
Rallis India Ltd.,Chemicals,RALLIS.NS,https://assets-netstorage.groww.in/stock-assets/logos/GSTK500355.png,False
Rashtriya Chemicals & Fertilizers Ltd.,Chemicals,RCF.NS,https://assets-netstorage.groww.in/stock-assets/logos/GSTK524230.png,False
Ratnamani Metals & Tubes Ltd.,Capital Goods,RATNAMANI.NS,https://assets-netstorage.groww.in/stock-assets/logos/GSTK520111.png,False
RattanIndia Enterprises Ltd.,Services,RTNINDIA.NS,https://assets-netstorage.groww.in/stock-assets/logos/GSTK534597.png,False
Raymond Ltd.,Textiles,RAYMOND.NS,https://assets-netstorage.groww.in/stock-assets/logos/GSTK500330.png,False
Redington Ltd.,Services,REDINGTON.NS,https://assets-netstorage.groww.in/stock-assets/logos/GSTK532805.png,False
Relaxo Footwears Ltd.,Consumer Durables,RELAXO.NS,https://assets-netstorage.groww.in/stock-assets/logos/GSTK530517.png,False
Reliance Industries Ltd.,Oil Gas & Consumable Fuels,RELIANCE.NS,https://assets-netstorage.groww.in/stock-assets/logos/GSTK500325.png,True
Restaurant Brands Asia Ltd.,Consumer Services,RBA.NS,https://assets-netstorage.groww.in/stock-assets/logos/GSTK543248.png,False
Rossari Biotech Ltd.,Chemicals,ROSSARI.NS,https://assets-netstorage.groww.in/stock-assets/logos/GSTK543213.png,False
Route Mobile Ltd.,Telecommunication,ROUTE.NS,https://assets-netstorage.groww.in/stock-assets/logos/GSTK543228.png,False
SBI Cards and Payment Services Ltd.,Financial Services,SBICARD.NS,https://assets-netstorage.groww.in/stock-assets/logos/GSTK543066.png,True
SBI Life Insurance Company Ltd.,Financial Services,SBILIFE.NS,https://assets-netstorage.groww.in/stock-assets/logos/GSTK540719.png,True
SJVN Ltd.,Power,SJVN.NS,https://assets-netstorage.groww.in/stock-assets/logos/GSTK533206.png,False
SKF India Ltd.,Capital Goods,SKFINDIA.NS,https://assets-netstorage.groww.in/stock-assets/logos/GSTK500472.png,False
SRF Ltd.,Chemicals,SRF.NS,https://assets-netstorage.groww.in/stock-assets/logos/GSTK503806.png,True
Safari Industries (India) Ltd.,Consumer Durables,SAFARI.NS,https://assets-netstorage.groww.in/stock-assets/logos/GSTK523025.png,False
Samvardhana Motherson International Ltd.,Automobile and Auto Components,MOTHERSON.NS,https://assets-netstorage.groww.in/stock-assets/logos/GSTK517334.png,True
Sanofi India Ltd.,Healthcare,SANOFI.NS,https://assets-netstorage.groww.in/stock-assets/logos/GSTK500674.png,False
Sapphire Foods India Ltd.,Consumer Services,SAPPHIRE.NS,https://assets-netstorage.groww.in/stock-assets/logos/GSTK543397.png,False
Saregama India Ltd,Media Entertainment & Publication,SAREGAMA.NS,https://assets-netstorage.groww.in/stock-assets/logos/GSTK532163.png,False
Schaeffler India Ltd.,Automobile and Auto Components,SCHAEFFLER.NS,https://assets-netstorage.groww.in/stock-assets/logos/GSTK505790.png,False
Sharda Cropchem Ltd.,Chemicals,SHARDACROP.NS,https://assets-netstorage.groww.in/stock-assets/logos/GSTK538666.png,False
Sheela Foam Ltd.,Consumer Durables,SFL.NS,https://assets-netstorage.groww.in/stock-assets/logos/GSTK540203.png,False
Shoppers Stop Ltd.,Consumer Services,SHOPERSTOP.NS,https://assets-netstorage.groww.in/stock-assets/logos/GSTK532638.png,False
Shree Cement Ltd.,Construction Materials,SHREECEM.NS,https://assets-netstorage.groww.in/stock-assets/logos/GSTK500387.png,True
Shree Renuka Sugars Ltd.,Fast Moving Consumer Goods,RENUKA.NS,https://assets-netstorage.groww.in/stock-assets/logos/GSTK532670.png,False
Shriram Finance Ltd.,Financial Services,SHRIRAMFIN.NS,https://assets-netstorage.groww.in/stock-assets/logos/GSTK511218.png,True
Shyam Metalics and Energy Ltd.,Metals & Mining,SHYAMMETL.NS,https://assets-netstorage.groww.in/stock-assets/logos/GSTK543299.png,False
Siemens Ltd.,Capital Goods,SIEMENS.NS,https://assets-netstorage.groww.in/stock-assets/logos/GSTK500550.png,True
Sobha Ltd.,Realty,SOBHA.NS,https://assets-netstorage.groww.in/stock-assets/logos/GSTK532784.png,False
Solar Industries India Ltd.,Chemicals,SOLARINDS.NS,https://assets-netstorage.groww.in/stock-assets/logos/GSTK532725.png,False
Sona BLW Precision Forgings Ltd.,Automobile and Auto Components,SONACOMS.NS,https://assets-netstorage.groww.in/stock-assets/logos/GSTK543300.png,False
Sonata Software Ltd.,Information Technology,SONATSOFTW.NS,https://assets-netstorage.groww.in/stock-assets/logos/GSTK532221.png,False
Star Health and Allied Insurance Company Ltd.,Financial Services,STARHEALTH.NS,https://assets-netstorage.groww.in/stock-assets/logos/GSTK543412.png,False
State Bank of India,Financial Services,SBIN.NS,https://assets-netstorage.groww.in/stock-assets/logos/GSTK500112.png,True
Steel Authority of India Ltd.,Metals & Mining,SAIL.NS,https://assets-netstorage.groww.in/stock-assets/logos/GSTK500113.png,True
Sterling and Wilson Renewable Energy Ltd.,Construction,SWSOLAR.NS,https://assets-netstorage.groww.in/stock-assets/logos/GSTK542760.png,False
Sterlite Technologies Ltd.,Telecommunication,STLTECH.NS,https://assets-netstorage.groww.in/stock-assets/logos/GSTK532374.png,False
Sumitomo Chemical India Ltd.,Chemicals,SUMICHEM.NS,https://assets-netstorage.groww.in/stock-assets/logos/GSTK542920.png,False
Sun Pharma Advanced Research Company Ltd.,Healthcare,SPARC.NS,https://assets-netstorage.groww.in/stock-assets/logos/GSTK532872.png,False
Sun Pharmaceutical Industries Ltd.,Healthcare,SUNPHARMA.NS,https://assets-netstorage.groww.in/stock-assets/logos/GSTK524715.png,True
Sun TV Network Ltd.,Media Entertainment & Publication,SUNTV.NS,https://assets-netstorage.groww.in/stock-assets/logos/GSTK532733.png,True
Sundaram Finance Ltd.,Financial Services,SUNDARMFIN.NS,https://assets-netstorage.groww.in/stock-assets/logos/GSTK590071.png,False
Sundram Fasteners Ltd.,Automobile and Auto Components,SUNDRMFAST.NS,https://assets-netstorage.groww.in/stock-assets/logos/GSTK500403.png,False
Sunteck Realty Ltd.,Realty,SUNTECK.NS,https://assets-netstorage.groww.in/stock-assets/logos/GSTK512179.png,False
Suprajit Engineering Ltd.,Automobile and Auto Components,SUPRAJIT.NS,https://assets-netstorage.groww.in/stock-assets/logos/GSTK532509.png,False
Supreme Industries Ltd.,Capital Goods,SUPREMEIND.NS,https://assets-netstorage.groww.in/stock-assets/logos/GSTK509930.png,False
Suven Pharmaceuticals Ltd.,Healthcare,SUVENPHAR.NS,https://assets-netstorage.groww.in/stock-assets/logos/GSTK543064.png,False
Suzlon Energy Ltd.,Capital Goods,SUZLON.NS,https://assets-netstorage.groww.in/stock-assets/logos/GSTK532667.png,False
Swan Energy Ltd.,Realty,SWANENERGY.NS,https://assets-netstorage.groww.in/stock-assets/logos/GSTK503310.png,False
Symphony Ltd.,Consumer Durables,SYMPHONY.NS,https://assets-netstorage.groww.in/stock-assets/logos/GSTK517385.png,False
Syngene International Ltd.,Healthcare,SYNGENE.NS,https://assets-netstorage.groww.in/stock-assets/logos/GSTK539268.png,True
Syrma SGS Technology Ltd.,Capital Goods,SYRMA.NS,https://assets-netstorage.groww.in/stock-assets/logos/GSTK543573.png,False
TTK Prestige Ltd.,Consumer Durables,TTKPRESTIG.NS,https://assets-netstorage.groww.in/stock-assets/logos/GSTK517506.png,False
TV18 Broadcast Ltd.,Media Entertainment & Publication,TV18BRDCST.NS,https://assets-netstorage.groww.in/stock-assets/logos/GSTK532800.png,False
TVS Motor Company Ltd.,Automobile and Auto Components,TVSMOTOR.NS,https://assets-netstorage.groww.in/stock-assets/logos/GSTK532343.png,True
Tanla Platforms Ltd.,Information Technology,TANLA.NS,https://assets-netstorage.groww.in/stock-assets/logos/GSTK532790.png,False
Tata Chemicals Ltd.,Chemicals,TATACHEM.NS,https://assets-netstorage.groww.in/stock-assets/logos/GSTK500770.png,True
Tata Communications Ltd.,Telecommunication,TATACOMM.NS,https://assets-netstorage.groww.in/stock-assets/logos/GSTK500483.png,True
Tata Consultancy Services Ltd.,Information Technology,TCS.NS,https://assets-netstorage.groww.in/stock-assets/logos/GSTK532540.png,True
Tata Consumer Products Ltd.,Fast Moving Consumer Goods,TATACONSUM.NS,https://assets-netstorage.groww.in/stock-assets/logos/GSTK500800.png,True
Tata Elxsi Ltd.,Information Technology,TATAELXSI.NS,https://assets-netstorage.groww.in/stock-assets/logos/GSTK500408.png,False
Tata Investment Corporation Ltd.,Financial Services,TATAINVEST.NS,https://assets-netstorage.groww.in/stock-assets/logos/GSTK501301.png,False
Tata Motors Ltd DVR,Automobile and Auto Components,TATAMTRDVR.NS,https://assets-netstorage.groww.in/stock-assets/logos/GSTK570001.png,False
Tata Motors Ltd.,Automobile and Auto Components,TATAMOTORS.NS,https://assets-netstorage.groww.in/stock-assets/logos/GSTK500570.png,True
Tata Power Co. Ltd.,Power,TATAPOWER.NS,https://assets-netstorage.groww.in/stock-assets/logos/GSTK500400.png,True
Tata Steel Ltd.,Metals & Mining,TATASTEEL.NS,https://assets-netstorage.groww.in/stock-assets/logos/GSTK500470.png,True
Tata Teleservices (Maharashtra) Ltd.,Telecommunication,TTML.NS,https://assets-netstorage.groww.in/stock-assets/logos/GSTK532371.png,False
Teamlease Services Ltd.,Services,TEAMLEASE.NS,https://assets-netstorage.groww.in/stock-assets/logos/GSTK539658.png,False
Tech Mahindra Ltd.,Information Technology,TECHM.NS,https://assets-netstorage.groww.in/stock-assets/logos/GSTK532755.png,True
Tejas Networks Ltd.,Telecommunication,TEJASNET.NS,https://assets-netstorage.groww.in/stock-assets/logos/GSTK540595.png,False
The New India Assurance Company Ltd.,Financial Services,NIACL.NS,https://assets-netstorage.groww.in/stock-assets/logos/GSTK540769.png,False
The Ramco Cements Ltd.,Construction Materials,RAMCOCEM.NS,https://assets-netstorage.groww.in/stock-assets/logos/GSTK500260.png,True
Thermax Ltd.,Capital Goods,THERMAX.NS,https://assets-netstorage.groww.in/stock-assets/logos/GSTK500411.png,False
Timken India Ltd.,Capital Goods,TIMKEN.NS,https://assets-netstorage.groww.in/stock-assets/logos/GSTK522113.png,False
Titan Company Ltd.,Consumer Durables,TITAN.NS,https://assets-netstorage.groww.in/stock-assets/logos/GSTK500114.png,True
Torrent Pharmaceuticals Ltd.,Healthcare,TORNTPHARM.NS,https://assets-netstorage.groww.in/stock-assets/logos/GSTK500420.png,True
Torrent Power Ltd.,Power,TORNTPOWER.NS,https://assets-netstorage.groww.in/stock-assets/logos/GSTK532779.png,False
Trent Ltd.,Consumer Services,TRENT.NS,https://assets-netstorage.groww.in/stock-assets/logos/GSTK500251.png,True
Trident Ltd.,Textiles,TRIDENT.NS,https://assets-netstorage.groww.in/stock-assets/logos/GSTK210969.png,False
Triveni Engineering & Industries Ltd.,Fast Moving Consumer Goods,TRIVENI.NS,https://assets-netstorage.groww.in/stock-assets/logos/GSTK532356.png,False
Triveni Turbine Ltd.,Capital Goods,TRITURBINE.NS,https://assets-netstorage.groww.in/stock-assets/logos/GSTK533655.png,False
Tube Investments of India Ltd.,Automobile and Auto Components,TIINDIA.NS,https://assets-netstorage.groww.in/stock-assets/logos/GSTK540762.png,False
UCO Bank,Financial Services,UCOBANK.NS,https://assets-netstorage.groww.in/stock-assets/logos/GSTK532505.png,False
UNO Minda Ltd.,Automobile and Auto Components,UNOMINDA.NS,https://assets-netstorage.groww.in/stock-assets/logos/GSTK532539.png,False
UPL Ltd.,Chemicals,UPL.NS,https://assets-netstorage.groww.in/stock-assets/logos/GSTK512070.png,True
UTI Asset Management Company Ltd.,Financial Services,UTIAMC.NS,https://assets-netstorage.groww.in/stock-assets/logos/GSTK543238.png,False
Ujjivan Small Finance Bank Ltd.,Financial Services,UJJIVANSFB.NS,https://assets-netstorage.groww.in/stock-assets/logos/GSTK542904.png,False
UltraTech Cement Ltd.,Construction Materials,ULTRACEMCO.NS,https://assets-netstorage.groww.in/stock-assets/logos/GSTK532538.png,True
Union Bank of India,Financial Services,UNIONBANK.NS,https://assets-netstorage.groww.in/stock-assets/logos/GSTK532477.png,False
United Breweries Ltd.,Fast Moving Consumer Goods,UBL.NS,https://assets-netstorage.groww.in/stock-assets/logos/GSTK532478.png,True
United Spirits Ltd.,Fast Moving Consumer Goods,MCDOWELL-N.NS,https://assets-netstorage.groww.in/stock-assets/logos/GSTK532432.png,True
Usha Martin Ltd.,Capital Goods,USHAMART.NS,https://assets-netstorage.groww.in/stock-assets/logos/GSTK517146.png,False
V-Guard Industries Ltd.,Consumer Durables,VGUARD.NS,https://assets-netstorage.groww.in/stock-assets/logos/GSTK532953.png,False
V-Mart Retail Ltd.,Consumer Services,VMART.NS,https://assets-netstorage.groww.in/stock-assets/logos/GSTK534976.png,False
V.I.P. Industries Ltd.,Consumer Durables,VIPIND.NS,https://assets-netstorage.groww.in/stock-assets/logos/GSTK500097.png,False
Vaibhav Global Ltd.,Consumer Durables,VAIBHAVGBL.NS,https://assets-netstorage.groww.in/stock-assets/logos/GSTK532156.png,False
Vardhman Textiles Ltd.,Textiles,VTL.NS,https://assets-netstorage.groww.in/stock-assets/logos/GSTK502986.png,False
Varroc Engineering Ltd.,Automobile and Auto Components,VARROC.NS,https://assets-netstorage.groww.in/stock-assets/logos/GSTK541578.png,False
Varun Beverages Ltd.,Fast Moving Consumer Goods,VBL.NS,https://assets-netstorage.groww.in/stock-assets/logos/GSTK540180.png,False
Vedant Fashions Ltd.,Consumer Services,MANYAVAR.NS,https://assets-netstorage.groww.in/stock-assets/logos/GSTK543463.png,False
Vedanta Ltd.,Metals & Mining,VEDL.NS,https://assets-netstorage.groww.in/stock-assets/logos/GSTK500295.png,True
Vijaya Diagnostic Centre Ltd.,Healthcare,VIJAYA.NS,https://assets-netstorage.groww.in/stock-assets/logos/GSTK543350.png,False
Vinati Organics Ltd.,Chemicals,VINATIORGA.NS,https://assets-netstorage.groww.in/stock-assets/logos/GSTK524200.png,False
Vodafone Idea Ltd.,Telecommunication,IDEA.NS,https://assets-netstorage.groww.in/stock-assets/logos/GSTK532822.png,True
Voltas Ltd.,Consumer Durables,VOLTAS.NS,https://assets-netstorage.groww.in/stock-assets/logos/GSTK500575.png,True
Welspun Corp Ltd.,Capital Goods,WELCORP.NS,https://assets-netstorage.groww.in/stock-assets/logos/GSTK532144.png,False
Welspun Living Ltd.,Textiles,WELSPUNLIV.NS,https://assets-netstorage.groww.in/stock-assets/logos/GSTK514162.png,False
Westlife Foodworld Ltd.,Consumer Services,WESTLIFE.NS,https://assets-netstorage.groww.in/stock-assets/logos/GSTK505533.png,False
Whirlpool of India Ltd.,Consumer Durables,WHIRLPOOL.NS,https://assets-netstorage.groww.in/stock-assets/logos/GSTK500238.png,False
Wipro Ltd.,Information Technology,WIPRO.NS,https://assets-netstorage.groww.in/stock-assets/logos/GSTK507685.png,True
Yes Bank Ltd.,Financial Services,YESBANK.NS,https://assets-netstorage.groww.in/stock-assets/logos/GSTK532648.png,False
ZF Commercial Vehicle Control Systems India Ltd.,Automobile and Auto Components,ZFCVINDIA.NS,https://assets-netstorage.groww.in/stock-assets/logos/GSTK533023.png,False
Zee Entertainment Enterprises Ltd.,Media Entertainment & Publication,ZEEL.NS,https://assets-netstorage.groww.in/stock-assets/logos/GSTK505537.png,True
Zensar Technolgies Ltd.,Information Technology,ZENSARTECH.NS,https://assets-netstorage.groww.in/stock-assets/logos/GSTK504067.png,False
Zomato Ltd.,Consumer Services,ZOMATO.NS,https://assets-netstorage.groww.in/stock-assets/logos/GSTK543320.png,False
Zydus Lifesciences Ltd.,Healthcare,ZYDUSLIFE.NS,https://assets-netstorage.groww.in/stock-assets/logos/GSTK532321.png,True
Zydus Wellness Ltd.,Fast Moving Consumer Goods,ZYDUSWELL.NS,https://assets-netstorage.groww.in/stock-assets/logos/GSTK531335.png,False
eClerx Services Ltd.,Services,ECLERX.NS,https://assets-netstorage.groww.in/stock-assets/logos/GSTK532927.png,False
